<?xml version="1.0" encoding="UTF-8"?>
<migration urlid="http://www.microsoft.com/migration/1.0/migxmlext/migapp">

    <library prefix="MigSysHelper">MigSys.dll</library>

    <_locDefinition>
        <_locDefault _loc="locNone"/>
        <_locTag _loc="locData">displayName</_locTag>
    </_locDefinition>

    <namedElements>
        <!-- Global -->
        <environment name="GlobalEnvX64">
            <conditions>
                <condition>MigXmlHelper.IsNative64Bit()</condition>
            </conditions>
            <variable name="HklmWowSoftware">
                <text>HKLM\SOFTWARE\Wow6432Node</text>
            </variable>
            <variable name="ProgramFiles32bit">
                <text>%ProgramFiles(x86)%</text>
            </variable>
            <variable name="CommonProgramFiles32bit">
                <text>%CommonProgramFiles(x86)%</text>
            </variable>
        </environment>
        <environment name="GlobalEnv">
            <conditions>
                <condition negation="Yes">MigXmlHelper.IsNative64Bit()</condition>
            </conditions>
            <variable name="HklmWowSoftware">
                <text>HKLM\Software</text>
            </variable>
            <variable name="ProgramFiles32bit">
                <text>%ProgramFiles%</text>
            </variable>
            <variable name="CommonProgramFiles32bit">
                <text>%CommonProgramFiles%</text>
            </variable>
        </environment>

        <!-- Global USER -->
        <environment context="USER" name="GlobalEnvX64User">
            <conditions>
                <condition>MigXmlHelper.IsNative64Bit()</condition>
            </conditions>
            <variable name="VirtualStore_ProgramFiles32bit">
                <text>%CSIDL_VIRTUALSTORE_PROGRAMFILES(X86)%</text>
            </variable>
            <variable name="VirtualStore_CommonProgramFiles32bit">
                <text>%CSIDL_VIRTUALSTORE_COMMONPROGRAMFILES(X86)%</text>
            </variable>
        </environment>
        <environment context="USER" name="GlobalEnvUser">
            <conditions>
                <condition negation="Yes">MigXmlHelper.IsNative64Bit()</condition>
            </conditions>
            <variable name="VirtualStore_ProgramFiles32bit">
                <text>%CSIDL_VIRTUALSTORE_PROGRAMFILES%</text>
            </variable>
            <variable name="VirtualStore_CommonProgramFiles32bit">
                <text>%CSIDL_VIRTUALSTORE_COMMONPROGRAMFILES%</text>
            </variable>
        </environment>

        <!-- For Windows Live Mail -->
        <environment name="WLMailNotLaunchedEnv">
            <conditions>
                <condition negation="Yes">MigXmlHelper.DoesObjectExist("Registry","HKCU\Software\Microsoft\Windows Live Mail [First Signin Done]")</condition>
            </conditions>
            <variable name="WLMailDataPath">
                <text>%WLMailStoreRoot%</text>
            </variable>
            <variable name="WLMailRegistryPath">
                <text>HKCU\Software\Microsoft\Windows Live Mail</text>
            </variable>
        </environment>
        <environment name="WLMailLaunchedEnv">
            <conditions>
                <condition>MigXmlHelper.DoesObjectExist("Registry","HKCU\Software\Microsoft\Windows Live Mail [First Signin Done]")</condition>
            </conditions>
            <variable name="WLMailDataPath">
                <text>%CSIDL_MYDOCUMENTS%\Migrated Mail</text>
            </variable>
            <variable name="WLMailRegistryPath">
                <text>HKCU\Software\Microsoft\Windows Live Mail\Migrated Keys</text>
            </variable>
        </environment>

        <!-- For Adobe Creative Suite-->
        <detects name="AdobePhotoshopCS">
            <detect>
                <condition>MigXmlHelper.DoesObjectExist("Registry","HKCU\Software\Adobe\Photoshop\8.0")</condition>
            </detect>
            <detect>
                <condition>MigXmlHelper.DoesFileVersionMatch("%PhotoshopSuite8Path%\Photoshop.exe","FileVersion","8.*")</condition>
            </detect>
        </detects>
        <detects name="AdobeImageReadyCS">
            <detect>
                <condition>MigXmlHelper.DoesObjectExist("File","%CSIDL_APPDATA%\Adobe\ImageReady\CS\Settings\Adobe ImageReady CS Prefs")</condition>
            </detect>
            <detect>
                <condition>MigXmlHelper.DoesFileVersionMatch("%PhotoshopSuite8Path%\ImageReady.exe","FileVersion","8.*")</condition>
                <condition>MigXmlHelper.DoesFileVersionMatch("%PhotoshopSuite8Path%\ImageReady.exe","FileVersion","* 8.*")</condition>
            </detect>
        </detects>

        <!-- Windows Live paths -->
        <environment name="WLEnv">
            <variable name="WLMailInstPath">
                <script>MigXmlHelper.GetStringContent("Registry","%HklmWowSoftware%\Microsoft\Windows Live Mail [InstallRoot]")</script>
            </variable>
            <variable name="WLMailStoreRoot">
                <script>MigXmlHelper.GetStringContent("Registry","HKCU\Software\Microsoft\Windows Live Mail [Store Root]")</script>
            </variable>
            <variable name="WLMessengerInstPath">
                <script>MigXmlHelper.GetStringContent("Registry","%HklmWowSoftware%\Microsoft\Windows Live\Messenger [InstallationDirectory]")</script>
            </variable>
            <variable name="WLPhotoGalleryInstPath">
                <script>MigXmlHelper.GetStringContent("Registry","%HklmWowSoftware%\Microsoft\Windows Live\Photo Gallery\WLXGPUPipeline [InstallLocation]")</script>
            </variable>
            <variable name="WLWriterInstPath">
                <script>MigXmlHelper.GetStringContent("Registry","%HklmWowSoftware%\Microsoft\Windows Live\Writer [InstallDir]")</script>
            </variable>
        </environment>

        <!-- Office paths -->
        <environment name="COMMONOFFICEENV">
            <variable name="OFFICEINSTALLPATH">
                <script>MigXmlHelper.GetStringContent("Registry","%HklmWowSoftware%\Microsoft\Office\%OFFICEVERSION%\Common\InstallRoot [Path]")</script>
            </variable>
            <variable name="FRONTPAGEEXE">
                <text>%OFFICEINSTALLPATH%\FrontPg.exe</text>
            </variable>
        </environment>

        <!-- Office detects -->
        <detection name="Word">
            <conditions>
                <condition>MigXmlHelper.DoesObjectExist("Registry","%HklmWowSoftware%\Microsoft\Office\%OFFICEVERSION%\Word\InstallRoot [Path]")</condition>
            </conditions>
        </detection>
        <detection name="Access">
            <conditions>
                <condition>MigXmlHelper.DoesObjectExist("Registry","%HklmWowSoftware%\Microsoft\Office\%OFFICEVERSION%\Access\InstallRoot [Path]")</condition>
            </conditions>
        </detection>
        <detection name="Excel">
            <conditions>
                <condition>MigXmlHelper.DoesObjectExist("Registry","%HklmWowSoftware%\Microsoft\Office\%OFFICEVERSION%\Excel\InstallRoot [Path]")</condition>
            </conditions>
        </detection>
        <detection name="PowerPoint">
            <conditions>
                <condition>MigXmlHelper.DoesObjectExist("Registry","%HklmWowSoftware%\Microsoft\Office\%OFFICEVERSION%\PowerPoint\InstallRoot [Path]")</condition>
            </conditions>
        </detection>
        <detection name="Outlook">
            <conditions>
                <condition>MigXmlHelper.DoesObjectExist("Registry","%HklmWowSoftware%\Microsoft\Office\%OFFICEVERSION%\Outlook\InstallRoot [Path]")</condition>
                <condition>MigXmlHelper.DoesObjectExist("Registry","%HklmWowSoftware%\Microsoft\Office\%OFFICEVERSION%\Outlook\Setup")</condition>
            </conditions>
        </detection>
        <detection name="Publisher">
            <conditions>
                <condition>MigXmlHelper.DoesObjectExist("Registry","%HklmWowSoftware%\Microsoft\Office\%OFFICEVERSION%\Publisher\InstallRoot [Path]")</condition>
            </conditions>
        </detection>
        <detection name="FrontPage">
            <conditions>
                <condition>MigXmlHelper.DoesObjectExist("Registry","%HklmWowSoftware%\Microsoft\Office\%OFFICEVERSION%\FrontPage\InstallRoot [Path]")</condition>
            </conditions>
        </detection>
        <detection name="Visio">
            <conditions>
                <condition>MigXmlHelper.DoesObjectExist("Registry","%HklmWowSoftware%\Microsoft\Office\%OFFICEVERSION%\Visio [CurrentlyRegisteredVersion]")</condition>
            </conditions>
        </detection>
        <detection name="Project2003">
            <conditions>
                <condition>MigXmlHelper.DoesObjectExist("Registry","%HklmWowSoftware%\Microsoft\Office\%OFFICEVERSION%\MS Project")</condition>
            </conditions>
        </detection>
        <detection name="Project2007">
            <conditions>
                <condition>MigXmlHelper.DoesObjectExist("Registry","%HklmWowSoftware%\Microsoft\Office\%OFFICEVERSION%\Project\InstallRoot [Path]")</condition>
            </conditions>
        </detection>
        <detection name="OneNote">
            <conditions>
                <condition>MigXmlHelper.DoesObjectExist("Registry","%HklmWowSoftware%\Microsoft\Office\%OFFICEVERSION%\OneNote\InstallRoot [Path]")</condition>
            </conditions>
        </detection>

        <!-- Office SmartTags detects -->
        <detection name="MicrosoftOutlookEmailRecipientsSmartTags">
            <conditions>
                <condition>MigXmlHelper.DoesObjectExist("Registry","HKCU\Software\Microsoft\Office\Common\Smart Tag\Recognizers\{4FFB3E8B-AE75-48F2-BF13-D0D7E93FA8F9}")</condition>
            </conditions>
        </detection>
        <detection name="MicrosoftListsSmartTags2003">
            <conditions>
                <condition>MigXmlHelper.DoesObjectExist("Registry","HKCU\Software\Microsoft\Office\Common\Smart Tag\Recognizers\{64AB6C69-B40E-40AF-9B7F-F5687B48E2B6}")</condition>
            </conditions>
        </detection>
        <detection name="MicrosoftListsSmartTags2007">
            <conditions>
                <condition>MigXmlHelper.DoesObjectExist("Registry","HKCU\Software\Microsoft\Office\Common\Smart Tag\Recognizers\{64AB6C69-B40E-40AF-9B7F-F5687B48E2B6}")</condition>
            </conditions>
        </detection>
        <detection name="MicrosoftPlaceSmartTags">
            <conditions>
                <condition>MigXmlHelper.DoesObjectExist("Registry","HKCU\Software\Microsoft\Office\Common\Smart Tag\Recognizers\{87EF1CFE-51CA-4E6B-8C76-E576AA926888}")</condition>
            </conditions>
        </detection>
        
        <!-- Windows Live detections -->
        <detection name="Mail12">
            <conditions>
                <condition>MigXmlHelper.DoesObjectExist("Registry","HKCU\Software\Microsoft\Windows Live Mail")</condition>
                <condition>MigXmlHelper.DoesFileVersionMatch("%WLMailInstPath%\wlmail.exe","ProductVersion","12.*")</condition>
            </conditions>
        </detection>
        <detection name="Mail14">
            <conditions>
                <condition>MigXmlHelper.DoesObjectExist("Registry","HKCU\Software\Microsoft\Windows Live Mail")</condition>
                <condition>MigXmlHelper.DoesFileVersionMatch("%WLMailInstPath%\wlmail.exe","ProductVersion","14.*")</condition>
            </conditions>
        </detection>
        <detection name="Messenger">
            <conditions>
                <condition>MigXmlHelper.DoesObjectExist("Registry","HKCU\Software\Microsoft\MSNMessenger")</condition>
                <conditions operation="OR">
                    <condition>MigXmlHelper.DoesFileVersionMatch("%WLMessengerInstPath%\msnmsgr.exe","ProductVersion","8.5.*")</condition>
                    <condition>MigXmlHelper.DoesFileVersionMatch("%WLMessengerInstPath%\msnmsgr.exe","ProductVersion","14.*")</condition>
                </conditions>
            </conditions>
        </detection>
        <detection name="PhotoGallery">
            <conditions>
                <condition>MigXmlHelper.DoesObjectExist("Registry","HKCU\Software\Microsoft\Windows Live\Photo Gallery")</condition>
                <conditions operation="OR">
                    <condition>MigXmlHelper.DoesFileVersionMatch("%WLPhotoGalleryInstPath%\WLXPhotoGallery.exe","ProductVersion","12.*")</condition>
                    <condition>MigXmlHelper.DoesFileVersionMatch("%WLPhotoGalleryInstPath%\WLXPhotoGallery.exe","ProductVersion","14.*")</condition>
                </conditions>
            </conditions>
        </detection>
        <detection name="Writer">
            <conditions>
                <condition>MigXmlHelper.DoesObjectExist("Registry","HKCU\Software\Microsoft\Windows Live\Writer")</condition>
                <conditions operation="OR">
                    <condition>MigXmlHelper.DoesFileVersionMatch("%WLWriterInstPath%\WindowsLiveWriter.exe","ProductVersion","12.*")</condition>
                    <condition>MigXmlHelper.DoesFileVersionMatch("%WLWriterInstPath%\WindowsLiveWriter.exe","ProductVersion","14.*")</condition>
                </conditions>
            </conditions>
        </detection>

        <!-- Office 2003 to Office 2007 Settings Upgrade Rule -->
        <rules name="Office2003to2007SettingsUpgrade" context="System">
            <include>
                <objectSet>
                    <pattern type="Registry">%HklmWowSoftware%\Microsoft\Office\12.0\Common\Migration\%OFFICEPROGRAM% [UpgradeVersion]</pattern>
                    <pattern type="Registry">%HklmWowSoftware%\Microsoft\Office\12.0\Common\Migration\%OFFICEPROGRAM% [Lang]</pattern>
                    <pattern type="Registry">HKLM\Software\Microsoft\Office\11.0\Common\LanguageResources [SKULanguage]</pattern>
                </objectSet>
            </include>
            <addObjects>
                <object>
                    <location type="Registry">%HklmWowSoftware%\Microsoft\Office\12.0\Common\Migration\%OFFICEPROGRAM% [UpgradeVersion]</location>
                    <attributes>DWORD</attributes>
                    <bytes>0B000000</bytes>
                </object>
                <object>
                    <location type="Registry">%HklmWowSoftware%\Microsoft\Office\12.0\Common\Migration\%OFFICEPROGRAM% [Lang]</location>
                    <attributes>DWORD</attributes>
                    <bytes>00000000</bytes>
                </object>
            </addObjects>
            <contentModify script="MigSysHelper.ConvertToOfficeLangID('Registry','HKCU\Software\Microsoft\Office\11.0\Common\LanguageResources [SKULanguage]','HKLM\Software\Microsoft\Office\11.0\Common\LanguageResources [SKULanguage]')">
                <objectSet>
                    <pattern type="Registry">%HklmWowSoftware%\Microsoft\Office\12.0\Common\Migration\%OFFICEPROGRAM% [Lang]</pattern>
                </objectSet>
            </contentModify>
            <locationModify script="MigXmlHelper.RelativeMove('%HklmWowSoftware%','%HklmWowSoftware%')">
                <objectSet>
                    <pattern type="Registry">%HklmWowSoftware%\Microsoft\Office\12.0\Common\Migration\%OFFICEPROGRAM% [UpgradeVersion]</pattern>
                    <pattern type="Registry">%HklmWowSoftware%\Microsoft\Office\12.0\Common\Migration\%OFFICEPROGRAM% [Lang]</pattern>
                </objectSet>
            </locationModify>
        </rules>

        <!-- Outlook Pst Rule -->
        <rules name="OutlookPstPab" context="User">
            <include>
                <objectSet>
                    <pattern type="Registry">HKCU\Software\Microsoft\Windows NT\CurrentVersion\Windows Messaging Subsystem\Profiles\* [01020fff]</pattern>
                    <pattern type="Registry">HKCU\Software\Microsoft\Windows NT\CurrentVersion\Windows Messaging Subsystem\Profiles\* [001e0324]</pattern>
                    <pattern type="Registry">HKCU\Software\Microsoft\Windows NT\CurrentVersion\Windows Messaging Subsystem\Profiles\* [001e6600]</pattern>
                    <pattern type="Registry">HKCU\Software\Microsoft\Windows NT\CurrentVersion\Windows Messaging Subsystem\Profiles\* [001e6700]</pattern>
                    <content filter="MigSysHelper.ExtractSingleFileAnsiBin()">
                        <objectSet>
                            <pattern type="Registry">HKCU\Software\Microsoft\Windows NT\CurrentVersion\Windows Messaging Subsystem\Profiles\* [001e0324]</pattern>
                            <pattern type="Registry">HKCU\Software\Microsoft\Windows NT\CurrentVersion\Windows Messaging Subsystem\Profiles\* [001e6600]</pattern>
                            <pattern type="Registry">HKCU\Software\Microsoft\Windows NT\CurrentVersion\Windows Messaging Subsystem\Profiles\* [001e6700]</pattern>
                        </objectSet>
                    </content>
                </objectSet>
            </include>

            <include>
                <objectSet>
                    <pattern type="Registry">HKCU\Software\Microsoft\Windows NT\CurrentVersion\Windows Messaging Subsystem\Profiles\* [001f0324]</pattern>
                    <pattern type="Registry">HKCU\Software\Microsoft\Windows NT\CurrentVersion\Windows Messaging Subsystem\Profiles\* [001f6600]</pattern>
                    <pattern type="Registry">HKCU\Software\Microsoft\Windows NT\CurrentVersion\Windows Messaging Subsystem\Profiles\* [001f6700]</pattern>
                    <content filter="MigSysHelper.ExtractSingleFileUnicodeBin()">
                        <objectSet>
                            <pattern type="Registry">HKCU\Software\Microsoft\Windows NT\CurrentVersion\Windows Messaging Subsystem\Profiles\* [001e0324]</pattern>
                            <pattern type="Registry">HKCU\Software\Microsoft\Windows NT\CurrentVersion\Windows Messaging Subsystem\Profiles\* [001e6600]</pattern>
                            <pattern type="Registry">HKCU\Software\Microsoft\Windows NT\CurrentVersion\Windows Messaging Subsystem\Profiles\* [001e6700]</pattern>
                            <pattern type="Registry">HKCU\Software\Microsoft\Windows NT\CurrentVersion\Windows Messaging Subsystem\Profiles\* [001f0324]</pattern>
                            <pattern type="Registry">HKCU\Software\Microsoft\Windows NT\CurrentVersion\Windows Messaging Subsystem\Profiles\* [001f6600]</pattern>
                            <pattern type="Registry">HKCU\Software\Microsoft\Windows NT\CurrentVersion\Windows Messaging Subsystem\Profiles\* [001f6700]</pattern>
                        </objectSet>
                    </content>
                </objectSet>
            </include>

            <contentModify script='MigSysHelper.SetPstPathInMapiStruct ()'>
                <objectSet>
                    <pattern type="Registry">HKCU\Software\Microsoft\Windows NT\CurrentVersion\Windows Messaging Subsystem\Profiles\* [0102*]</pattern>
                </objectSet>
            </contentModify>

            <contentModify script='MigSysHelper.UpdateMvBinaryMapiStruct ()'>
                <objectSet>
                    <pattern type="Registry">HKCU\Software\Microsoft\Windows NT\CurrentVersion\Windows Messaging Subsystem\Profiles\* [0102*]</pattern>
                </objectSet>
            </contentModify>

            <contentModify script='MigSysHelper.UpdateMvBinaryMapiStruct ()'>
                <objectSet>
                    <pattern type="Registry">HKCU\Software\Microsoft\Windows NT\CurrentVersion\Windows Messaging Subsystem\Profiles\* [1102*]</pattern>
                </objectSet>
            </contentModify>
        </rules>

    </namedElements>

    <!-- Microsoft Office 2007 -->
    <component context="UserAndSystem" type="Application">
        <displayName _locID="migapp.office2007">Microsoft Office 2007</displayName>
        <environment name="GlobalEnv"/>
        <environment name="GlobalEnvX64"/>
        <environment>
            <variable name="OFFICEVERSION">
                <text>12.0</text>
            </variable>
        </environment>
        <role role="Container">
            <detection name="Word"/>
            <detection name="PowerPoint"/>
            <detection name="Access"/>
            <detection name="Excel"/>
            <detection name="Outlook"/>
            <detection name="Publisher"/>
            <detection name="Visio"/>
            <detection name="Project2007"/>
            <detection name="OneNote"/>

            <!-- Office 2007 Common Settings -->
            <component context="User" type="Application" hidden="TRUE">
                <displayName _locID="migapp.office2007common">Office 2007 Common Settings</displayName>
                <environment>
                    <variable name="OFFICEPROGRAM">
                        <text>Office</text>
                    </variable>
                </environment>
                <role role="Settings">
                    <!-- For Office 2007 -->
                    <rules context="User">
                        <!-- From AnyOfficeProduct -->
                        <include filter='MigXmlHelper.IgnoreIrrelevantLinks()'>
                            <objectSet>
                                <pattern type="Registry">HKCU\Software\Microsoft\Office\Common\* [*]</pattern>
                                <pattern type="Registry">HKCU\Software\Microsoft\Office\12.0\Common\* [*]</pattern>
                                <pattern type="Registry">HKCU\Software\Microsoft\Shared Tools\* [*]</pattern>
                                <pattern type="File">%CSIDL_APPDATA%\Microsoft\Office [*.acl]</pattern>
                                <pattern type="File">%CSIDL_APPDATA%\Microsoft\Office\Recent [*]</pattern>
                                <pattern type="File">%CSIDL_APPDATA%\Microsoft\Templates\* [*]</pattern>
                                <pattern type="File">%CSIDL_LOCAL_APPDATA%\Microsoft\Office [*.qat]</pattern>
                                <!-- Extract custom dictionaries and related files -->
                                <pattern type="File">%CSIDL_APPDATA%\Microsoft\Proof\* [*]</pattern>
                                <pattern type="File">%CSIDL_APPDATA%\Microsoft\UProof\* [*]</pattern>
                                <content filter="MigXmlHelper.ExtractSingleFile(NULL, NULL)">
                                    <objectSet>
                                        <pattern type="Registry">HKCU\Software\Microsoft\Shared Tools\Proofing Tools\*\Custom Dictionaries [*]</pattern>
                                    </objectSet>
                                </content>
                            </objectSet>
                        </include>
                        <exclude>
                            <objectSet>
                                <pattern type="Registry">HKCU\Software\Microsoft\Office\12.0\Shortcut Bar [LocalPath]</pattern>
                                <pattern type="Registry">HKCU\Software\Microsoft\Office\12.0\Common\Internet [LocationOfComponents]</pattern>
                                <pattern type="Registry">HKCU\Software\Microsoft\Office\12.0\Common\Open Find\* [*]</pattern>
                            </objectSet>
                        </exclude>
                        <destinationCleanup>
                            <objectSet>
                                <pattern type="Registry">HKCU\Software\Microsoft\Office\12.0\Common\Internet\DoNotCheckIfOfficeIsHTMLEditor\* [*]</pattern>
                                <pattern type="Registry">HKCU\Software\Microsoft\Office\12.0\Common\Internet [AllowPNG]</pattern>
                                <pattern type="Registry">HKCU\Software\Microsoft\Office\12.0\Common\Internet [RelyOnVML]</pattern>
                                <pattern type="Registry">HKCU\Software\Microsoft\Office\12.0\Common\Internet [SaveNewWebPagesAsWebArchives]</pattern>
                                <pattern type="Registry">HKCU\Software\Microsoft\Office\12.0\Common\Toolbars [BtnSize]</pattern>
                                <pattern type="Registry">HKCU\Software\Microsoft\Office\12.0\Common\Toolbars [Tooltips]</pattern>
                                <pattern type="Registry">HKCU\Software\Microsoft\Office\12.0\Common\Toolbars [AdaptiveMenus]</pattern>
                                <pattern type="Registry">HKCU\Software\Microsoft\Office\12.0\Common\Toolbars [Animation]</pattern>
                                <pattern type="Registry">HKCU\Software\Microsoft\Office\12.0\Common\Toolbars [ShowKbdShortcuts]</pattern>
                                <pattern type="Registry">HKCU\Software\Microsoft\Office\12.0\Common\Toolbars [FontView]</pattern>
                            </objectSet>
                        </destinationCleanup>
                        <merge script="MigXmlHelper.SourcePriority()">
                            <objectSet>
                                <pattern type="File">%CSIDL_APPDATA%\Microsoft\Office [*.acl]</pattern>
                                <pattern type="File">%CSIDL_LOCAL_APPDATA%\Microsoft\Office [*.qat]</pattern>
                                <!-- Custom dictionaries -->
                                <pattern type="File">%CSIDL_APPDATA%\Microsoft\Proof\* [*]</pattern>
                                <pattern type="File">%CSIDL_APPDATA%\Microsoft\UProof\* [*]</pattern>
                                <content filter="MigXmlHelper.ExtractSingleFile(NULL, NULL)">
                                    <objectSet>
                                        <pattern type="Registry">HKCU\Software\Microsoft\Shared Tools\Proofing Tools\*\Custom Dictionaries [*]</pattern>
                                    </objectSet>
                                </content>
                            </objectSet>
                        </merge>
                    </rules>
                </role>
            </component>

            <!-- Microsoft Office Access 2007 -->
            <component context="User" type="Application">
                <displayName _locID="migapp.office2007access">Microsoft Office Access 2007</displayName>
                <environment>
                    <variable name="OFFICEPROGRAM">
                        <text>Access</text>
                    </variable>
                </environment>
                <role role="Settings">
                    <detection name="Access"/>
                    <rules>
                        <!--  copy files -->
                        <include>
                            <objectSet>
                                <pattern type="File">%CSIDL_APPDATA%\Microsoft\Office [Access11.pip]</pattern>
                                <pattern type="Registry">HKCU\Software\Microsoft\Office\Access\* [*]</pattern>
                                <pattern type="Registry">HKCU\Software\Microsoft\Office\12.0\Access\* [*]</pattern>
                                <pattern type="Registry">HKCU\Software\Microsoft\Office\12.0\CMA\* [*]</pattern>
                                <pattern type="Registry">HKCU\Software\Microsoft\Office\12.0\Common\Toolbars\Settings\ [Microsoft Access]</pattern>
                                <pattern type="Registry">HKCU\Software\Microsoft\Office\%OFFICEVERSION%\Access\File MRU\* [*]</pattern>
                            </objectSet>
                        </include>
                        <exclude>
                            <objectSet>
                                <pattern type="Registry">HKCU\Software\Microsoft\Office\12.0\Access\Settings [MRU1]</pattern>
                                <pattern type="Registry">HKCU\Software\Microsoft\Office\12.0\Access\Settings [MRU2]</pattern>
                                <pattern type="Registry">HKCU\Software\Microsoft\Office\12.0\Access\Settings [MRU3]</pattern>
                                <pattern type="Registry">HKCU\Software\Microsoft\Office\12.0\Access\Settings [MRU4]</pattern>
                                <pattern type="Registry">HKCU\Software\Microsoft\Office\12.0\Access\Settings [MRU5]</pattern>
                                <pattern type="Registry">HKCU\Software\Microsoft\Office\12.0\Access\Settings [MRU6]</pattern>
                                <pattern type="Registry">HKCU\Software\Microsoft\Office\12.0\Access\Settings [MRUFlags1]</pattern>
                                <pattern type="Registry">HKCU\Software\Microsoft\Office\12.0\Access\Settings [MRUFlags2]</pattern>
                                <pattern type="Registry">HKCU\Software\Microsoft\Office\12.0\Access\Settings [MRUFlags3]</pattern>
                                <pattern type="Registry">HKCU\Software\Microsoft\Office\12.0\Access\Settings [MRUFlags4]</pattern>
                                <pattern type="Registry">HKCU\Software\Microsoft\Office\12.0\Access\Settings [MRUFlags5]</pattern>
                                <pattern type="Registry">HKCU\Software\Microsoft\Office\12.0\Access\Settings [MRUFlags6]</pattern>
                            </objectSet>
                        </exclude>
                        <!-- force src -->
                        <merge script="MigXmlHelper.SourcePriority()">
                            <objectSet>
                                <pattern type="File">%CSIDL_APPDATA%\Microsoft\Office [Access11.pip]</pattern>
                            </objectSet>
                        </merge>
                        <!-- force dest -->
                        <merge script="MigXmlHelper.DestinationPriority()">
                            <objectSet>
                                <pattern type="Registry">HKCU\Software\Microsoft\Office\12.0\Access\Options [Default Database Directory]</pattern>
                            </objectSet>
                        </merge>
                    </rules>
                </role>
            </component>

            <!-- Microsoft Office Excel 2007 -->
            <component  context="User" type="Application">
                <displayName _locID="migapp.office2007excel">Microsoft Office Excel 2007</displayName>
                <environment>
                    <variable name="OFFICEPROGRAM">
                        <text>Excel</text>
                    </variable>
                </environment>
                <role role="Settings">
                    <detection name="Excel"/>
                    <rules>
                        <include>
                            <objectSet>
                                <pattern type="Registry">HKCU\Software\Microsoft\Office\12.0\Excel\* [*]</pattern>
                                <pattern type="Registry">HKCU\Software\Microsoft\Office\12.0\Common\Toolbars\Settings\ [Microsoft Excel]</pattern>
                                <pattern type="File">%CSIDL_APPDATA%\Microsoft\Excel\ [EXCEL11.xlb]</pattern>
                                <pattern type="File">%CSIDL_APPDATA%\Microsoft\Office\ [EXCEL11.pip]</pattern>
                                <pattern type="Registry">HKCU\Software\Microsoft\Office\%OFFICEVERSION%\Excel\File MRU\* [*]</pattern>
                            </objectSet>
                        </include>
                        <exclude>
                            <objectSet>
                                <pattern type="Registry">HKCU\Software\Microsoft\Office\12.0\Excel\Recent Files\* [*]</pattern>
                            </objectSet>
                        </exclude>
                        <merge script="MigXmlHelper.DestinationPriority()">
                            <objectSet>
                                <pattern type="Registry">HKCU\Software\Microsoft\Office\12.0\Excel\Options\ [AltStartup]</pattern>
                                <pattern type="Registry">HKCU\Software\Microsoft\Office\12.0\Excel\Options\ [DefaultPath]</pattern>
                            </objectSet>
                        </merge>
                        <merge script="MigXmlHelper.SourcePriority()">
                            <objectSet>
                                <pattern type="File">%CSIDL_APPDATA%\Microsoft\Excel\ [EXCEL11.xlb]</pattern>
                                <pattern type="File">%CSIDL_APPDATA%\Microsoft\Office\ [EXCEL11.pip]</pattern>
                            </objectSet>
                        </merge>
                    </rules>
                </role>
            </component>

            <!-- Microsoft Office Outlook 2007 -->
            <component context="UserAndSystem" type="Application">
                <displayName _locID="migapp.office2007outlook">Microsoft Office Outlook 2007</displayName>
                <environment>
                    <variable name="OFFICEPROGRAM">
                        <text>Outlook</text>
                    </variable>
                </environment>
                <role role="Settings">
                    <detection name="Outlook"/>
                    <rules name="OutlookPstPab" />
                    <rules context="User">
                        <!-- addreg -->
                        <include>
                            <objectSet>
                                <pattern type="Registry">HKCU\Software\Microsoft\Office\Outlook\* [*]</pattern>
                                <pattern type="Registry">HKCU\Software\Microsoft\Office\12.0\Outlook\* [*]</pattern>
                                <pattern type="Registry">HKCU\Software\Microsoft\Office\12.0\Common\Toolbars\Settings [Microsoft Outlook]</pattern>
                                <pattern type="Registry">HKCU\Software\Microsoft\Office\Outlook\OMI Account Manager\Accounts\* [*]</pattern>
                                <pattern type="File">%CSIDL_APPDATA%\Microsoft\Signatures\* [*]</pattern>
                                <pattern type="File">%CSIDL_LOCAL_APPDATA%\Microsoft\FORMS [frmcache.dat]</pattern>
                                <pattern type="File">%CSIDL_APPDATA%\Microsoft\Outlook [outcmd11.dat]</pattern>
                                <pattern type="File">%CSIDL_APPDATA%\Microsoft\Outlook [outcmd.dat]</pattern>
                                <pattern type="File">%CSIDL_APPDATA%\Microsoft\Outlook [views.dat]</pattern>
                                <pattern type="File">%CSIDL_APPDATA%\Microsoft\Outlook [OutlPrint]</pattern>
                                <pattern type="File">%CSIDL_APPDATA%\Microsoft\Office  [MSOut11.pip]</pattern>
                                <pattern type="Registry">HKCU\Software\Microsoft\Exchange\* [*]</pattern>
                                <pattern type="File">%CSIDL_APPDATA%\Microsoft\Outlook [*.rwz]</pattern>
                                <pattern type="File">%CSIDL_APPDATA%\Microsoft\Outlook [*.srs]</pattern>
                                <pattern type="File">%CSIDL_APPDATA%\Microsoft\Outlook [*.NK2]</pattern>
                                <pattern type="File">%CSIDL_APPDATA%\Microsoft\Outlook [*.xml]</pattern>
                                <pattern type="Registry">HKCU\Software\Microsoft\Windows NT\CurrentVersion\Windows Messaging Subsystem\Profiles\* [*]</pattern>
                                <content filter="MigXmlHelper.ExtractSingleFile(NULL,'%CSIDL_LOCAL_APPDATA%\Microsoft\Outlook')">
                                    <objectSet>
                                        <pattern type="Registry">HKCU\Software\Microsoft\Office\12.0\Outlook\Journal\* [*]</pattern>
                                    </objectSet>
                                </content>
                                <content filter="MigXmlHelper.ExtractSingleFile(NULL, NULL)">
                                    <objectSet>
                                        <pattern type="Registry">HKCU\Software\Microsoft\Windows NT\CurrentVersion\Windows Messaging Subsystem\Profiles\* [001e023d]</pattern>
                                        <pattern type="Registry">HKCU\Software\Microsoft\Windows NT\CurrentVersion\Windows Messaging Subsystem\Profiles\* [001f023d]</pattern>
                                    </objectSet>
                                </content>
                            </objectSet>
                        </include>
                        <!-- delreg -->
                        <exclude>
                            <objectSet>
                                <pattern type="Registry">HKCU\Software\Microsoft\Office\12.0\Outlook [FirstRunDialog]</pattern>
                                <pattern type="Registry">HKCU\Software\Microsoft\Office\12.0\Outlook [Machine Name]</pattern>
                                <pattern type="Registry">HKCU\Software\Microsoft\Windows NT\CurrentVersion\Windows Messaging Subsystem\Profiles\*\0a0d020000000000c000000000000046 [111f031e]</pattern>
                                <pattern type="Registry">HKCU\Identities\* [LDAP Server]</pattern>
                                <pattern type="Registry">HKCU\Software\Microsoft\Internet Account Manager\Accounts\* [LDAP Server]</pattern>
                                <pattern type="Registry">HKCU\Software\Microsoft\Office\Outlook\OMI Account Manager\Accounts\* [LDAP Server]</pattern>
                            </objectSet>
                        </exclude>
                        <!-- destdelreg -->
                        <destinationCleanup>
                            <objectSet>
                                <pattern type="Registry">HKCU\Software\Microsoft\Office\Outlook\OMI Account Manager\Accounts\* [Connection Flags]</pattern>
                                <pattern type="Registry">HKCU\Software\Microsoft\Office\Outlook\OMI Account Manager\Accounts\* [Connection Type]</pattern>
                                <pattern type="Registry">HKCU\Software\Microsoft\Office\Outlook\OMI Account Manager\Accounts\* [Connectoid]</pattern>
                                <pattern type="Registry">HKCU\Software\Microsoft\Windows NT\CurrentVersion\Windows Messaging Subsystem\Profiles [DefaultProfile]</pattern>
                            </objectSet>
                        </destinationCleanup>
                        <!-- forcesrcfile -->
                        <merge script="MigXmlHelper.SourcePriority()">
                            <objectSet>
                                <pattern type="File">%CSIDL_LOCAL_APPDATA%\Microsoft\FORMS [frmcache.dat]</pattern>
                                <pattern type="File">%CSIDL_APPDATA%\Microsoft\Outlook [outcmd11.dat]</pattern>
                                <pattern type="File">%CSIDL_APPDATA%\Microsoft\Outlook [outcmd.dat]</pattern>
                                <pattern type="File">%CSIDL_APPDATA%\Microsoft\Outlook [views.dat]</pattern>
                                <pattern type="File">%CSIDL_APPDATA%\Microsoft\Office [MSOut11.pip]</pattern>
                                <pattern type="File">%CSIDL_APPDATA%\Microsoft\Outlook [*.srs]</pattern>
                                <pattern type="File">%CSIDL_APPDATA%\Microsoft\Outlook [*.xml]</pattern>
                            </objectSet>
                        </merge>
                        <!-- Outlook ForceDestFile -->
                        <merge script="MigXmlHelper.DestinationPriority()">
                            <objectSet>
                                <pattern type="File">%CSIDL_APPDATA%\Microsoft\Outlook [*.rwz]</pattern>
                            </objectSet>
                        </merge>
                    </rules>
                    <rules context="System">
                        <!-- addreg -->
                        <include>
                            <objectSet>
                                <pattern type="Registry">%HklmWowSoftware%\Clients\Mail\Microsoft Outlook [MSIComponentID]</pattern>
                                <pattern type="Registry">%HklmWowSoftware%\Microsoft\Office\12.0\Outlook\Setup [MailSupport]</pattern>
                            </objectSet>
                        </include>
                        <locationModify script="MigXmlHelper.RelativeMove('%HklmWowSoftware%','%HklmWowSoftware%')">
                            <objectSet>
                                <pattern type="Registry">%HklmWowSoftware%\Clients\Mail\Microsoft Outlook [MSIComponentID]</pattern>
                                <pattern type="Registry">%HklmWowSoftware%\Microsoft\Office\12.0\Outlook\Setup [MailSupport]</pattern>
                            </objectSet>
                        </locationModify>
                    </rules>
                </role>
            </component>

            <!-- Microsoft Office PowerPoint 2007 -->
            <component context="User" type="Application">
                <displayName _locID="migapp.office2007powerpoint">Microsoft Office PowerPoint 2007</displayName>
                <environment>
                    <variable name="OFFICEPROGRAM">
                        <text>Powerpoint</text>
                    </variable>
                </environment>
                <role role="Settings">
                    <detection name="PowerPoint"/>
                    <rules>
                        <include>
                            <objectSet>
                                <pattern type="Registry">HKCU\Software\Microsoft\Office\12.0\PowerPoint\* [*]</pattern>
                                <pattern type="Registry">HKCU\Software\Microsoft\Office\12.0\PowerPoint\RecentFolderList [Default]</pattern>
                                <pattern type="Registry">HKCU\Software\Microsoft\Office\12.0\Common\Toolbars\Settings [Microsoft PowerPoint]</pattern>
                                <pattern type="File">%CSIDL_APPDATA%\Microsoft\PowerPoint [PPT11.pcb]</pattern>
                                <pattern type="File">%CSIDL_APPDATA%\Microsoft\Office [PowerP11.pip]</pattern>
                                <pattern type="Registry">HKCU\Software\Microsoft\Office\%OFFICEVERSION%\Powerpoint\File MRU\* [*]</pattern>
                            </objectSet>
                        </include>
                        <exclude>
                            <objectSet>
                                <pattern type="Registry">HKCU\Software\Microsoft\Office\12.0\PowerPoint\Recent File List\* [*]</pattern>
                                <pattern type="Registry">HKCU\Software\Microsoft\Office\12.0\PowerPoint\RecentFolderList\* [*]</pattern>
                            </objectSet>
                        </exclude>
                        <merge script="MigXmlHelper.DestinationPriority()">
                            <objectSet>
                                <pattern type="Registry">HKCU\Software\Microsoft\Office\12.0\PowerPoint\RecentFolderList [Default]</pattern>
                            </objectSet>
                        </merge>
                        <destinationCleanup>
                            <objectSet>
                                <pattern type="Registry">HKCU\Software\Microsoft\Office\12.0\PowerPoint\Internet [HTMLVersion]</pattern>
                                <pattern type="Registry">HKCU\Software\Microsoft\Office\12.0\PowerPoint\Options [AutoKeyboard Switching]</pattern>
                                <pattern type="Registry">HKCU\Software\Microsoft\Office\12.0\PowerPoint\Options [BackgroundPrint]</pattern>
                                <pattern type="Registry">HKCU\Software\Microsoft\Office\12.0\PowerPoint\Options [DisableNewAnimationUI]</pattern>
                                <pattern type="Registry">HKCU\Software\Microsoft\Office\12.0\PowerPoint\Options [DisablePasswordUI]</pattern>
                                <pattern type="Registry">HKCU\Software\Microsoft\Office\12.0\PowerPoint\Options [MaxNumberDesigns]</pattern>
                                <pattern type="Registry">HKCU\Software\Microsoft\Office\12.0\PowerPoint\Options [Send TrueType fonts as bitmaps]</pattern>
                                <pattern type="Registry">HKCU\Software\Microsoft\Office\12.0\PowerPoint\Options [Send printer information to OLE servers]</pattern>
                            </objectSet>
                        </destinationCleanup>
                        <merge script="MigXmlHelper.SourcePriority()">
                            <objectSet>
                                <pattern type="File">%CSIDL_APPDATA%\Microsoft\PowerPoint [PPT11.pcb]</pattern>
                                <pattern type="File">%CSIDL_APPDATA%\Microsoft\Office [PowerP11.pip]</pattern>
                            </objectSet>
                        </merge>
                    </rules>
                </role>
            </component>

            <!-- Microsoft Office Publisher 2007 -->
            <component context="User" type="Application">
                <displayName _locID="migapp.office2007publisher">Microsoft Office Publisher 2007</displayName>
                <environment>
                    <variable name="OFFICEPROGRAM">
                        <text>Publisher</text>
                    </variable>
                </environment>
                <role role="Settings">
                    <detection name="Publisher"/>
                    <rules>
                        <include>
                            <objectSet>
                                <pattern type="Registry">HKCU\Software\Microsoft\Office\12.0\Publisher\* [*]</pattern>
                                <pattern type="Registry">HKCU\Software\Microsoft\Office\12.0\Common\Toolbars\Settings [Microsoft Publisher]</pattern>
                                <pattern type="File">%CSIDL_APPDATA%\Microsoft\Office [*.acl]</pattern>
                                <pattern type="File">%CSIDL_APPDATA%\Microsoft\Publisher [pubcmd.dat]</pattern>
                                <pattern type="File">%CSIDL_APPDATA%\Microsoft\Office [Publis11.pip]</pattern>
                                <pattern type="File">%CSIDL_APPDATA%\Microsoft\Office\ [*.jsp]</pattern>
                            </objectSet>
                        </include>
                        <exclude>
                            <objectSet>
                                <pattern type="Registry">HKCU\Software\Microsoft\Office\12.0\Publisher\Recent File List\* [*]</pattern>
                            </objectSet>
                        </exclude>
                        <destinationCleanup>
                            <objectSet>
                                <pattern type="Registry">HKCU\Software\Microsoft\Office\12.0\Publisher\UserInfo\* [FullName]</pattern>
                                <pattern type="Registry">HKCU\Software\Microsoft\Office\12.0\Publisher\UserInfo\* [CompanyName]</pattern>
                            </objectSet>
                        </destinationCleanup>
                        <merge script="MigXmlHelper.SourcePriority()">
                            <objectSet>
                                <pattern type="File">%CSIDL_APPDATA%\Microsoft\Office [*.acl]</pattern>
                                <pattern type="File">%CSIDL_APPDATA%\Microsoft\Publisher [pubcmd.dat]</pattern>
                                <pattern type="File">%CSIDL_APPDATA%\Microsoft\Office [Publis11.pip]</pattern>
                                <pattern type="File">%CSIDL_APPDATA%\Microsoft\Office [*.jsp]</pattern>
                            </objectSet>
                        </merge>
                    </rules>
                </role>
            </component>

            <!-- Microsoft Office Word 2007 -->
            <component context="User" type="Application">
                <displayName _locID="migapp.office2007word">Microsoft Office Word 2007</displayName>
                <environment>
                    <variable name="OFFICEPROGRAM">
                        <text>Word</text>
                    </variable>
                </environment>
                <role role="Settings">
                    <detection name="Word"/>
                    <rules>
                        <include>
                            <objectSet>
                                <pattern type="Registry">HKCU\Software\Microsoft\Office\12.0\Word\* [*]</pattern>
                                <pattern type="File">%CSIDL_APPDATA%\Microsoft\Templates\* [*]</pattern>
                                <pattern type="File">%CSIDL_APPDATA%\Microsoft\QuickStyles\* [*]</pattern>
                                <pattern type="File">%CSIDL_APPDATA%\Microsoft\Document Building Blocks\* [*]</pattern>
                                <pattern type="File">%CSIDL_APPDATA%\Microsoft\Bibliography\* [*]</pattern>
                                <pattern type="File">%CSIDL_APPDATA%\Microsoft\Office [Word11.pip]</pattern>
                                <pattern type="File">%CSIDL_APPDATA%\Microsoft\Office [WordMa11.pip]</pattern>
                            </objectSet>
                        </include>
                        <exclude>
                            <objectSet>
                                <pattern type="Registry">HKCU\Software\Microsoft\Office\12.0\Word\Data [PROGRAMDIR]</pattern>
                                <pattern type="Registry">HKCU\Software\Microsoft\Office\12.0\Word\Options [PROGRAMDIR]</pattern>
                            </objectSet>
                        </exclude>
                        <merge script="MigXmlHelper.SourcePriority()">
                            <objectSet>
                                <pattern type="File">%CSIDL_APPDATA%\Microsoft\QuickStyles\* [*]</pattern>
                                <pattern type="File">%CSIDL_APPDATA%\Microsoft\Templates\* [*]</pattern>
                                <pattern type="File">%CSIDL_APPDATA%\Microsoft\Office [Word11.pip]</pattern>
                                <pattern type="File">%CSIDL_APPDATA%\Microsoft\Office [WordMa11.pip]</pattern>
                            </objectSet>
                        </merge>
                    </rules>
                </role>
            </component>

            <!-- Microsoft Office SmartTags -->
            <component context="User" type="Application" hidden="TRUE">
                <displayName _locID="migapp.office2007smarttag">Microsoft Office SmartTags</displayName>
                <role role="Container">
                    <detection name="MicrosoftOutlookEmailRecipientsSmartTags" />
                    <detection name="MicrosoftListsSmartTags2007" />
                    <detection name="MicrosoftPlaceSmartTags" />

                    <!-- Microsoft Outlook Email Recipients SmartTags -->
                    <component context="User" type="Application">
                        <displayName _locID="migapp.office2007emailsmarttag">Microsoft Outlook Email Recipients SmartTags</displayName>
                        <role role="Settings">
                            <detection name="MicrosoftOutlookEmailRecipientsSmartTags" />
                            <rules>
                                <include>
                                    <objectSet>
                                        <pattern type="Registry">HKCU\Software\Microsoft\Office\Common\Smart Tag\Recognizers\{4FFB3E8B-AE75-48F2-BF13-D0D7E93FA8F9}\* [*]</pattern>
                                    </objectSet>
                                </include>
                                <destinationCleanup>
                                    <objectSet>
                                        <pattern type="Registry">HKCU\Software\Microsoft\Office\Common\Smart Tag\Recognizers\{4FFB3E8B-AE75-48F2-BF13-D0D7E93FA8F9} [*]</pattern>
                                    </objectSet>
                                </destinationCleanup>
                            </rules>
                        </role>
                    </component>

                    <!-- Microsoft Lists SmartTags -->
                    <component context="User" type="Application">
                        <displayName _locID="migapp.office2007listsmarttag">Microsoft Lists SmartTags</displayName>
                        <role role="Settings">
                            <detection name="MicrosoftListsSmartTags2007" />
                            <rules>
                                <include>
                                    <objectSet>
                                        <pattern type="Registry">HKCU\Software\Microsoft\Office\Common\Smart Tag\Recognizers\{64AB6C69-B40E-40AF-9B7F-F5687B48E2B6}\* [*]</pattern>
                                    </objectSet>
                                </include>
                                <destinationCleanup>
                                    <objectSet>
                                        <pattern type="Registry">HKCU\Software\Microsoft\Office\Common\Smart Tag\Recognizers\{64AB6C69-B40E-40AF-9B7F-F5687B48E2B6}\* [*]</pattern>
                                    </objectSet>
                                </destinationCleanup>
                            </rules>
                        </role>
                    </component>

                    <!-- Microsoft Place SmartTags -->
                    <component context="User" type="Application">
                        <displayName _locID="migapp.office2007placesmarttag">Microsoft Place SmartTags</displayName>
                        <role role="Settings">
                            <detection name="MicrosoftPlaceSmartTags" />
                            <rules>
                                <include>
                                    <objectSet>
                                        <pattern type="Registry">HKCU\Software\Microsoft\Office\Common\Smart Tag\Recognizers\{87EF1CFE-51CA-4E6B-8C76-E576AA926888}\* [*]</pattern>
                                    </objectSet>
                                </include>
                                <destinationCleanup>
                                    <objectSet>
                                        <pattern type="Registry">HKCU\Software\Microsoft\Office\Common\Smart Tag\Recognizers\{87EF1CFE-51CA-4E6B-8C76-E576AA926888} [*]</pattern>
                                    </objectSet>
                                </destinationCleanup>
                            </rules>
                        </role>
                    </component>

                </role>
            </component>

            <!-- Microsoft Office Visio 2007 -->
            <component type="Application" context="UserAndSystem">
                <displayName _locID="migapp.visio2007">Microsoft Office Visio 2007</displayName>
                <environment>
                    <variable name="OFFICEPROGRAM">
                        <text>Visio</text>
                    </variable>
                </environment>
                <role role="Settings">
                    <detection name="Visio" />
                    <rules context="User">
                        <include>
                            <objectSet>
                                <pattern type="Registry">HKCU\software\Microsoft\Office\%OFFICEVERSION%\Visio\* [*]</pattern>
                                <pattern type="Registry">HKCU\software\Microsoft\Office\%OFFICEVERSION%\Common\Toolbars\Settings\ [Microsoft Office Visio]</pattern>
                                <pattern type="File">%CSIDL_APPDATA%\Microsoft\Office\ [Visio12.pip]</pattern>
                                <pattern type="File">%CSIDL_LOCAL_APPDATA%\Microsoft\Visio\ [content.dat]</pattern>
                                <pattern type="Registry">HKCU\Software\Microsoft\Office\%OFFICEVERSION%\Visio\Recent Templates\* [*]</pattern>
                                <content filter="MigXmlHelper.ExtractSingleFile(NULL,'NULL')">
                                    <objectSet>
                                        <pattern type="Registry">HKCU\Software\Microsoft\Office\%OFFICEVERSION%\Visio\Recent Templates\* [Template*]</pattern>
                                    </objectSet>
                                </content>
                            </objectSet>
                        </include>
                        <exclude>
                            <objectSet>
                                <pattern type="Registry">HKCU\software\Microsoft\Office\%OFFICEVERSION%\Visio\Application\ [LastFile*]</pattern>
                                <pattern type="Registry">HKCU\software\Microsoft\Office\%OFFICEVERSION%\Visio\Application\ [MyShapesPath]</pattern>
                                <pattern type="Registry">HKCU\software\Microsoft\Office\%OFFICEVERSION%\Visio\Application\ [UserDictionaryPath1]</pattern>
                            </objectSet>
                        </exclude>
                        <merge script="MigXmlHelper.SourcePriority()">
                            <objectSet>
                                <pattern type="File">%CSIDL_APPDATA%\Microsoft\Office\ [Visio12.pip]</pattern>
                                <pattern type="File">%CSIDL_LOCAL_APPDATA%\Microsoft\Visio\ [content.dat]</pattern>
                            </objectSet>
                        </merge>
                    </rules>
                </role>
            </component>

            <!-- Microsoft Project 2007 -->
            <component context="User" type="Application">
                <displayName _locID="migapp.project2007">Microsoft Project 2007</displayName>
                <environment>
                    <variable name="OFFICEPROGRAM">
                        <text>Project</text>
                    </variable>
                </environment>
                <role role="Settings">
                    <detection name="Project2007" />
                    <rules>
                        <include>
                            <objectSet>
                                <pattern type="Registry">HKCU\Software\Microsoft\Office\%OFFICEVERSION%\MS Project\* [*]</pattern>
                                <pattern type="Registry">HKCU\Software\Microsoft\Office\%OFFICEVERSION%\Common\Toolbars\Settings [Microsoft Office Project]</pattern>
                                <pattern type="File">%CSIDL_APPDATA%\Microsoft\Office [MSProj12.pip]</pattern>
                                <pattern type="Registry">HKCU\Software\Microsoft\Office\%OFFICEVERSION%\MS Project\Recent Templates\* [*]</pattern>
                                <content filter="MigXmlHelper.ExtractSingleFile(NULL,'NULL')">
                                    <objectSet>
                                        <pattern type="Registry">HKCU\Software\Microsoft\Office\%OFFICEVERSION%\MS Project\Recent Templates\* [Template*]</pattern>
                                    </objectSet>
                                </content>
                            </objectSet>
                        </include>
                        <exclude>
                            <objectSet>
                                <pattern type="Registry">HKCU\Software\Microsoft\Office\%OFFICEVERSION%\MS Project\Recent File List [*]</pattern>
                            </objectSet>
                        </exclude>
                        <merge script="MigXmlHelper.SourcePriority()">
                            <objectSet>
                                <pattern type="File">%CSIDL_APPDATA%\Microsoft\Office [MSProj12.pip]</pattern>
                            </objectSet>
                        </merge>
                    </rules>
                </role>
            </component>

            <!-- Microsoft Office OneNote 2007 -->
            <component context="User" type="Application">
                <displayName _locID="migapp.office2007onenote">Microsoft Office OneNote 2007</displayName>
                <environment>
                    <variable name="OFFICEPROGRAM">
                        <text>OneNote</text>
                    </variable>
                </environment>
                <role role="Settings">
                    <detection name="OneNote"/>
                    <rules>
                        <destinationCleanup>
                            <objectSet>
                                <pattern type="File">%CSIDL_LOCAL_APPDATA%\Microsoft\OneNote\%OFFICEVERSION%\ [OneNoteOfflineCache.onecache]</pattern>
                            </objectSet>
                        </destinationCleanup>
                        <include>
                            <objectSet>
                                <pattern type="Registry">HKCU\Software\Microsoft\Office\%OFFICEVERSION%\OneNote\* [*]</pattern>
                                <pattern type="Registry">HKCU\Software\Microsoft\Office\%OFFICEVERSION%\Common\Toolbars\Settings\ [Microsoft Office OneNote]</pattern>
                                <pattern type="File">%CSIDL_APPDATA%\Microsoft\Office\ [OneNot12.pip]</pattern>
                                <pattern type="File">%CSIDL_APPDATA%\Microsoft\OneNote\%OFFICEVERSION%\ [Preferences.dat]</pattern>
                                <pattern type="File">%CSIDL_APPDATA%\Microsoft\OneNote\%OFFICEVERSION%\ [Toolbars.dat]</pattern>
                                <pattern type="Registry">HKCU\Software\Microsoft\Office\%OFFICEVERSION%\OneNote\Recent Templates\* [*]</pattern>
                                <pattern type="File">%CSIDL_APPDATA%\Microsoft\MS Project\12\* [*]</pattern>
                                <content filter="MigXmlHelper.ExtractSingleFile(NULL,'NULL')">
                                    <objectSet>
                                        <pattern type="Registry">HKCU\Software\Microsoft\Office\%OFFICEVERSION%\OneNote\Recent Templates\* [Template*]</pattern>
                                    </objectSet>
                                </content>
                            </objectSet>
                        </include>
                        <merge script="MigXmlHelper.SourcePriority()">
                            <objectSet>
                                <pattern type="File">%CSIDL_APPDATA%\Microsoft\Office\ [OneNot12.pip]</pattern>
                                <pattern type="File">%CSIDL_APPDATA%\Microsoft\OneNote\%OFFICEVERSION% [Preferences.dat]</pattern>
                                <pattern type="File">%CSIDL_APPDATA%\Microsoft\OneNote\%OFFICEVERSION% [Toolbars.dat]</pattern>
                                <pattern type="File">%CSIDL_APPDATA%\Microsoft\MS Project\12\* [*]</pattern>
                            </objectSet>
                        </merge>
                        <exclude>
                            <objectSet>
                                <pattern type="Registry">HKCU\Software\Microsoft\Office\%OFFICEVERSION%\OneNote\General\ [LastMyDocumentsPathUsed]</pattern>
                                <pattern type="Registry">HKCU\Software\Microsoft\Office\%OFFICEVERSION%\OneNote\Options\Paths\ [BackupFolderPath]</pattern>
                            </objectSet>
                        </exclude>
                    </rules>
                </role>
            </component>
        </role>
    </component>


    <!-- Mozilla Firefox -->
    <component context="UserAndSystem" type="Application">
        <displayName _locID="migapp.firefox">Mozilla Firefox</displayName>
        <environment name="GlobalEnv"/>
        <environment name="GlobalEnvX64"/>
        <role role="Settings">
            <detection>
                <conditions>
                    <condition>MigXmlHelper.DoesObjectExist("File","%PROGRAMFILES(X86)%\Mozilla Firefox\ [firefox.exe]")</condition>
                </conditions>
            </detection>
            <rules context="User">
                <destinationCleanup>
                    <objectSet>
                        <pattern type="File">%CSIDL_LOCAL_APPDATA%\Mozilla\Firefox\Profiles\*\Cache\* [*]</pattern>
                    </objectSet>
                </destinationCleanup>
                <include>
                    <objectSet>
                        <pattern type="File">%CSIDL_APPDATA%\Mozilla\Firefox\* [*]</pattern>
                        <pattern type="File">%CSIDL_LOCAL_APPDATA%\Mozilla\Firefox\Profiles\* [*]</pattern>
                    </objectSet>
                </include>
                <exclude>
                    <objectSet>
                        <pattern type="File">%CSIDL_APPDATA%\Mozilla\Firefox\Crash Reports\* [*]</pattern>
                        <pattern type="File">%CSIDL_APPDATA%\Mozilla\Firefox\Profiles\*\ [pluginreg.dat]</pattern>
                        <pattern type="File">%CSIDL_LOCAL_APPDATA%\Mozilla\Firefox\Profiles\*\Cache\* [*]</pattern>
                    </objectSet>
                </exclude>
                <merge script="MigXmlHelper.SourcePriority()">
                    <objectSet>
                        <pattern type="File">%CSIDL_APPDATA%\Mozilla\Firefox\* [*]</pattern>
                        <pattern type="File">%CSIDL_LOCAL_APPDATA%\Mozilla\Firefox\Profiles\* [*]</pattern>
                    </objectSet>
                </merge>
            </rules>
        </role>
    </component>

    <!-- Google Chrome -->
    <component context="UserAndSystem" type="Application">
        <displayName _locID="migapp.chrome1">Google Chrome</displayName>
        <environment name="GlobalEnv"/>
        <environment name="GlobalEnvX64"/>
        <role role="Settings">
            <destinationCleanup>
                <objectSet>
                    <pattern type="File">%CSIDL_LOCAL_APPDATA%\Google\Chrome\User Data\*\Cache\* [*]</pattern>
                </objectSet>
            </destinationCleanup>
            <detection>
                <conditions>
                    <condition>MigXmlHelper.DoesObjectExist("File","%CSIDL_LOCAL_APPDATA%\Google\Chrome\Application [chrome.exe]")</condition>
                    <condition>MigXmlHelper.DoesObjectExist("File","%CSIDL_LOCAL_APPDATA%\Google\Chrome\Application\1.*")</condition>
                </conditions>
            </detection>
            <rules context="User">
                <include>
                    <objectSet>
                        <pattern type="File">%CSIDL_LOCAL_APPDATA%\Google\Chrome\User Data\* [*]</pattern>
                    </objectSet>
                </include>
                <exclude>
                    <objectSet>
                        <pattern type="File">%CSIDL_LOCAL_APPDATA%\Google\Chrome\User Data\*\Cache\* [*]</pattern>
                    </objectSet>
                </exclude>
                <merge script="MigXmlHelper.SourcePriority()">
                    <objectSet>
                        <pattern type="File">%CSIDL_LOCAL_APPDATA%\Google\Chrome\User Data\* [*]</pattern>
                    </objectSet>
                </merge>
            </rules>
        </role>
    </component>

</migration>
